count,desc,id,name,percentage,smarts,smiles
24,Long aliphatic chain,950,"['Acamprosate', 'Alfentanil', 'Ambenonium', 'Carisoprodol', 'Disulfiram', 'Felbamate', 'Fingolimod', 'Fluvoxamine', 'Hydroxyzine', 'Lacosamide', 'Lisdexamfetamine', 'Methadone', 'Methocarbamol', 'Misoprostol', 'Nabilone', 'Nimodipine', 'Pregabalin', 'Quetiapine', 'Ramelteon', 'Remifentanil', 'Ropinirole', 'Sufentanil', 'Tapentadol', 'Valproic Acid']",10.96%,"[N,C,S,O]-&!@[N,C,S,O]-&!@[N,C,S,O]-&!@[N,C,S,O]-&!@[N,C,S,O]-&!@[N,C,S,O]-&!@[N,C,S,O]","['CC(=O)NCCCS(O)(=O)=O', 'CCN1N=NN(CCN2CCC(COC)(CC2)N(C(=O)CC)C2=CC=CC=C2)C1=O', 'CC[N+](CC)(CCNC(=O)C(=O)NCC[N+](CC)(CC)CC1=CC=CC=C1Cl)CC1=CC=CC=C1Cl', 'CCCC(C)(COC(N)=O)COC(=O)NC(C)C', 'CCN(CC)C(=S)SSC(=S)N(CC)CC', 'NC(=O)OCC(COC(N)=O)C1=CC=CC=C1', 'CCCCCCCCC1=CC=C(CCC(N)(CO)CO)C=C1', 'COCCCCC(=NOCCN)C1=CC=C(C=C1)C(F)(F)F', 'OCCOCCN1CCN(CC1)C(C1=CC=CC=C1)C1=CC=C(Cl)C=C1', 'COC[C@@H](NC(C)=O)C(=O)NCC1=CC=CC=C1', 'C[C@@H](CC1=CC=CC=C1)NC(=O)[C@@H](N)CCCCN', 'CCC(=O)C(CC(C)N(C)C)(C1=CC=CC=C1)C1=CC=CC=C1', 'COC1=CC=CC=C1OCC(O)COC(N)=O', 'CCCCC(C)(O)C\\C=C\\[C@H]1[C@H](O)CC(=O)[C@@H]1CCCCCCC(=O)OC', '[H][C@@]12CC(=O)CC[C@@]1([H])C(C)(C)OC1=CC(=CC(O)=C21)C(C)(C)CCCCCC', 'COCCOC(=O)C1=C(C)NC(C)=C(C1C1=CC(=CC=C1)[N+]([O-])=O)C(=O)OC(C)C', 'CC(C)C[C@H](CN)CC(O)=O', 'OCCOCCN1CCN(CC1)C1=NC2=CC=CC=C2SC2=CC=CC=C12', 'CCC(=O)NCC[C@@H]1CCC2=C1C1=C(OCC1)C=C2', 'CCC(=O)N(C1=CC=CC=C1)C1(CCN(CCC(=O)OC)CC1)C(=O)OC', 'CCCN(CCC)CCC1=C2CC(=O)NC2=CC=C1', 'CCC(=O)N(C1=CC=CC=C1)C1(COC)CCN(CCC2=CC=CS2)CC1', 'CC[C@H]([C@@H](C)CN(C)C)C1=CC(O)=CC=C1', 'CCCC(CCC)C(O)=O']"
24,Ketone,942,"['Bupropion', 'Dolasetron', 'Donepezil', 'Droperidol', 'Haloperidol', 'Hydrocodone', 'Hydromorphone', 'Iloperidone', 'Ketoprofen', 'Ketorolac', 'Methadone', 'Misoprostol', 'Molindone', 'Nabilone', 'Nabumetone', 'Naloxone', 'Naltrexone', 'Ondansetron', 'Oxcarbazepine', 'Oxycodone', 'Oxymorphone', 'Tetrabenazine', 'Tolcapone', 'Tolmetin']",10.96%,[#6]-C(=O)-[#6],"['CC(NC(C)(C)C)C(=O)C1=CC(Cl)=CC=C1', '[H][C@]12CC(CC3CC(C1)C(=O)CN23)OC(=O)C1=CNC2=CC=CC=C12', 'COC1=C(OC)C=C2C(=O)C(CC3CCN(CC4=CC=CC=C4)CC3)CC2=C1', 'FC1=CC=C(C=C1)C(=O)CCCN1CCC(=CC1)N1C(=O)NC2=CC=CC=C12', 'OC1(CCN(CCCC(=O)C2=CC=C(F)C=C2)CC1)C1=CC=C(Cl)C=C1', '[H][C@@]12OC3=C(OC)C=CC4=C3[C@@]11CCN(C)[C@]([H])(C4)[C@]1([H])CCC2=O', '[H][C@@]12OC3=C(O)C=CC4=C3[C@@]11CCN(C)[C@]([H])(C4)[C@]1([H])CCC2=O', 'COC1=C(OCCCN2CCC(CC2)C2=NOC3=C2C=CC(F)=C3)C=CC(=C1)C(C)=O', 'CC(C(O)=O)C1=CC(=CC=C1)C(=O)C1=CC=CC=C1', 'OC(=O)C1CCN2C1=CC=C2C(=O)C1=CC=CC=C1', 'CCC(=O)C(CC(C)N(C)C)(C1=CC=CC=C1)C1=CC=CC=C1', 'CCCCC(C)(O)C\\C=C\\[C@H]1[C@H](O)CC(=O)[C@@H]1CCCCCCC(=O)OC', 'CCC1=C(C)NC2=C1C(=O)C(CN1CCOCC1)CC2', '[H][C@@]12CC(=O)CC[C@@]1([H])C(C)(C)OC1=CC(=CC(O)=C21)C(C)(C)CCCCCC', 'COC1=CC2=C(C=C1)C=C(CCC(C)=O)C=C2', '[H][C@@]12OC3=C(O)C=CC4=C3[C@@]11CCN(CC=C)[C@]([H])(C4)[C@]1(O)CCC2=O', '[H][C@@]12OC3=C(O)C=CC4=C3[C@@]11CCN(CC3CC3)[C@]([H])(C4)[C@]1(O)CCC2=O', 'CN1C2=C(C3=CC=CC=C13)C(=O)C(CN1C=CN=C1C)CC2', 'NC(=O)N1C2=CC=CC=C2CC(=O)C2=CC=CC=C12', '[H][C@@]12OC3=C(OC)C=CC4=C3[C@@]11CCN(C)[C@]([H])(C4)[C@]1(O)CCC2=O', '[H][C@@]12OC3=C(O)C=CC4=C3[C@@]11CCN(C)[C@]([H])(C4)[C@]1(O)CCC2=O', 'COC1=C(OC)C=C2C3CC(=O)C(CC(C)C)CN3CCC2=C1', 'CC1=CC=C(C=C1)C(=O)C1=CC(=C(O)C(O)=C1)[N+]([O-])=O', 'CN1C(CC(O)=O)=CC=C1C(=O)C1=CC=C(C)C=C1']"
19,Aliphatic long chain,61,"['Acamprosate', 'Aripiprazole', 'Buspirone', 'Desipramine', 'Dronabinol', 'Fingolimod', 'Fluvoxamine', 'Hydroxyzine', 'Iloperidone', 'Lisdexamfetamine', 'Maprotiline', 'Mirabegron', 'Misoprostol', 'Nabilone', 'Nimodipine', 'Nortriptyline', 'Protriptyline', 'Quetiapine', 'Vilazodone']",8.68%,[R0;D2][R0;D2][R0;D2][R0;D2],"['CC(=O)NCCCS(O)(=O)=O', 'ClC1=CC=CC(N2CCN(CCCCOC3=CC4=C(CCC(=O)N4)C=C3)CC2)=C1Cl', 'O=C1CC2(CCCC2)CC(=O)N1CCCCN1CCN(CC1)C1=NC=CC=N1', 'CNCCCN1C2=CC=CC=C2CCC2=CC=CC=C12', '[H][C@@]12C=C(C)CC[C@@]1([H])C(C)(C)OC1=CC(CCCCC)=CC(O)=C21', 'CCCCCCCCC1=CC=C(CCC(N)(CO)CO)C=C1', 'COCCCCC(=NOCCN)C1=CC=C(C=C1)C(F)(F)F', 'OCCOCCN1CCN(CC1)C(C1=CC=CC=C1)C1=CC=C(Cl)C=C1', 'COC1=C(OCCCN2CCC(CC2)C2=NOC3=C2C=CC(F)=C3)C=CC(=C1)C(C)=O', 'C[C@@H](CC1=CC=CC=C1)NC(=O)[C@@H](N)CCCCN', 'CNCCCC12CCC(C3=CC=CC=C13)C1=CC=CC=C21', 'NC1=NC(CC(=O)NC2=CC=C(CCNC[C@H](O)C3=CC=CC=C3)C=C2)=CS1', 'CCCCC(C)(O)C\\C=C\\[C@H]1[C@H](O)CC(=O)[C@@H]1CCCCCCC(=O)OC', '[H][C@@]12CC(=O)CC[C@@]1([H])C(C)(C)OC1=CC(=CC(O)=C21)C(C)(C)CCCCCC', 'COCCOC(=O)C1=C(C)NC(C)=C(C1C1=CC(=CC=C1)[N+]([O-])=O)C(=O)OC(C)C', 'CNCCC=C1C2=CC=CC=C2CCC2=CC=CC=C12', 'CNCCCC1C2=CC=CC=C2C=CC2=CC=CC=C12', 'OCCOCCN1CCN(CC1)C1=NC2=CC=CC=C2SC2=CC=CC=C12', 'NC(=O)C1=CC2=C(O1)C=CC(=C2)N1CCN(CCCCC2=CNC3=C2C=C(C=C3)C#N)CC1']"
12,Ester,943,"['Dexmethylphenidate', 'Dolasetron', 'Fesoterodine', 'Flumazenil', 'Meperidine', 'Methylphenidate', 'Misoprostol', 'Nimodipine', 'Oxybutynin', 'Remifentanil', 'Salsalate', 'Trospium']",5.48%,[#6]-C(=O)O-[#6],"['COC(=O)[C@@H]([C@H]1CCCCN1)C1=CC=CC=C1', '[H][C@]12CC(CC3CC(C1)C(=O)CN23)OC(=O)C1=CNC2=CC=CC=C12', 'CC(C)N(CC[C@H](C1=CC=CC=C1)C1=C(OC(=O)C(C)C)C=CC(CO)=C1)C(C)C', 'CCOC(=O)C1=C2CN(C)C(=O)C3=C(C=CC(F)=C3)N2C=N1', 'CCOC(=O)C1(CCN(C)CC1)C1=CC=CC=C1', 'COC(=O)C(C1CCCCN1)C1=CC=CC=C1', 'CCCCC(C)(O)C\\C=C\\[C@H]1[C@H](O)CC(=O)[C@@H]1CCCCCCC(=O)OC', 'COCCOC(=O)C1=C(C)NC(C)=C(C1C1=CC(=CC=C1)[N+]([O-])=O)C(=O)OC(C)C', 'CCN(CC)CC#CCOC(=O)C(O)(C1CCCCC1)C1=CC=CC=C1', 'CCC(=O)N(C1=CC=CC=C1)C1(CCN(CCC(=O)OC)CC1)C(=O)OC', 'OC(=O)C1=CC=CC=C1OC(=O)C1=CC=CC=C1O', 'OC(C(=O)OC1CC2CCC(C1)[N+]21CCCC1)(C1=CC=CC=C1)C1=CC=CC=C1']"
12,contains_metal,209,"['Duloxetine', 'Lurasidone', 'Meloxicam', 'Mirabegron', 'Olanzapine', 'Pramipexole', 'Riluzole', 'Rotigotine', 'Sufentanil', 'Tiagabine', 'Tizanidine', 'Ziprasidone']",5.48%,"[$([Ru]),$([Rh]),$([Se]),$([se]),$([Pd]),$([Sc]),$([Bi]),$([Sb]),$([Ag]),$([Ti]),$([Al]),$([Cd]),$([V]),$([In]),$([Cr]),$([Sn]),$([Mn]),$([La]),$([Fe]),$([Er]),$([Tm]),$([Yb]),$([Lu]),$([Hf]),$([Ta]),$([W]),$([Re]),$([Co]),$([Os]),$([Ni]),$([Ir]),$([Cu]),$([Zn]),$([Ga]),$([Ge]),$([As]),$([as]),$([Y]),$([Zr]),$([Nb]),$([Ce]),$([Pr]),$([Nd]),$([Sm]),$([Eu]),$([Gd]),$([Tb]),$([Dy]),$([Ho]),$([Pt]),$([Au]),$([Hg]),$([Tl]),$([Pb]),$([Ac]),$([Th]),$([Pa]),$([Mo]),$([U]),$([Tc]),$([Te]),$([Po]),$([At])]","['CNCC[C@H](OC1=CC=CC2=CC=CC=C12)C1=CC=CS1', 'O=C1[C@H]2[C@@H]3CC[C@@H](C3)[C@H]2C(=O)N1C[C@@H]1CCCC[C@H]1CN1CCN(CC1)C1=NSC2=CC=CC=C12', 'CN1C(C(=O)NC2=NC=C(C)S2)=C(O)C2=C(C=CC=C2)S1(=O)=O', 'NC1=NC(CC(=O)NC2=CC=C(CCNC[C@H](O)C3=CC=CC=C3)C=C2)=CS1', 'CN1CCN(CC1)C1=NC2=CC=CC=C2NC2=C1C=C(C)S2', 'CCCN[C@H]1CCC2=C(C1)SC(N)=N2', 'NC1=NC2=C(S1)C=C(OC(F)(F)F)C=C2', 'CCCN(CCC1=CC=CS1)C1CCC2=C(C1)C=CC=C2O', 'CCC(=O)N(C1=CC=CC=C1)C1(COC)CCN(CCC2=CC=CS2)CC1', 'CC1=C(SC=C1)C(=CCCN1CCC[C@H](C1)C(O)=O)C1=C(C)C=CS1', 'ClC1=C(NC2=NCCN2)C2=NSN=C2C=C1', 'ClC1=C(CCN2CCN(CC2)C2=NSC3=CC=CC=C23)C=C2CC(=O)NC2=C1']"
11,isolated alkene,103,"['Butalbital', 'Codeine', 'Dronabinol', 'Galantamine', 'Isometheptene', 'Misoprostol', 'Morphine', 'Naloxone', 'Pentazocine', 'Quinidine', 'Vigabatrin']",5.02%,"[$([CH2]),$([CH][CX4]),$(C([CX4])[CX4])]=[$([CH2]),$([CH][CX4]),$(C([CX4])[CX4])]","['CC(C)CC1(CC=C)C(=O)NC(=O)NC1=O', '[H][C@@]12OC3=C(OC)C=CC4=C3[C@@]11CCN(C)[C@]([H])(C4)[C@]1([H])C=C[C@@H]2O', '[H][C@@]12C=C(C)CC[C@@]1([H])C(C)(C)OC1=CC(CCCCC)=CC(O)=C21', '[H][C@]12C[C@@H](O)C=C[C@]11CCN(C)CC3=C1C(O2)=C(OC)C=C3', 'CNC(C)CCC=C(C)C', 'CCCCC(C)(O)C\\C=C\\[C@H]1[C@H](O)CC(=O)[C@@H]1CCCCCCC(=O)OC', '[H][C@@]12OC3=C(O)C=CC4=C3[C@@]11CCN(C)[C@]([H])(C4)[C@]1([H])C=C[C@@H]2O', '[H][C@@]12OC3=C(O)C=CC4=C3[C@@]11CCN(CC=C)[C@]([H])(C4)[C@]1(O)CCC2=O', 'C[C@H]1[C@H]2CC3=CC=C(O)C=C3[C@]1(C)CCN2CC=C(C)C', '[H][C@@]12CCN(C[C@@H]1C=C)[C@]([H])(C2)[C@@H](O)C1=C2C=C(OC)C=CC2=NC=C1', 'NC(CCC(O)=O)C=C']"
9,carbamate include di-substitued N,1102,"['Carisoprodol', 'Eszopiclone', 'Ezogabine', 'Felbamate', 'Methocarbamol', 'Neostigmine', 'Pyridostigmine', 'Rivastigmine', 'Solifenacin']",4.11%,OC(=O)-!@[NX3],"['CCCC(C)(COC(N)=O)COC(=O)NC(C)C', 'CN1CCN(CC1)C(=O)O[C@@H]1N(C(=O)C2=NC=CN=C12)C1=NC=C(Cl)C=C1', 'CCOC(=O)NC1=C(N)C=C(NCC2=CC=C(F)C=C2)C=C1', 'NC(=O)OCC(COC(N)=O)C1=CC=CC=C1', 'COC1=CC=CC=C1OCC(O)COC(N)=O', 'CN(C)C(=O)OC1=CC(=CC=C1)[N+](C)(C)C', 'CN(C)C(=O)OC1=C[N+](C)=CC=C1', 'CCN(C)C(=O)OC1=CC=CC(=C1)[C@H](C)N(C)C', 'OC(=O)CCC(O)=O.O=C(O[C@H]1CN2CCC1CC2)N1CCC2=CC=CC=C2[C@@H]1C1=CC=CC=C1']"
9,Dye 11,958,"['Darifenacin', 'Doxapram', 'Fosphenytoin', 'Methadone', 'Nimodipine', 'Phenobarbital', 'Phenytoin', 'Primidone', 'Trospium']",4.11%,"*=,:[#6]C([#6]=,:*)[#6]=,:*","['NC(=O)C([C@@H]1CCN(CCC2=CC3=C(OCC3)C=C2)C1)(C1=CC=CC=C1)C1=CC=CC=C1', 'CCN1CC(CCN2CCOCC2)C(C1=O)(C1=CC=CC=C1)C1=CC=CC=C1', 'OP(O)(=O)OCN1C(=O)NC(C1=O)(C1=CC=CC=C1)C1=CC=CC=C1', 'CCC(=O)C(CC(C)N(C)C)(C1=CC=CC=C1)C1=CC=CC=C1', 'COCCOC(=O)C1=C(C)NC(C)=C(C1C1=CC(=CC=C1)[N+]([O-])=O)C(=O)OC(C)C', 'CCC1(C(=O)NC(=O)NC1=O)C1=CC=CC=C1', 'O=C1NC(=O)C(N1)(C1=CC=CC=C1)C1=CC=CC=C1', 'CCC1(C(=O)NCNC1=O)C1=CC=CC=C1', 'OC(C(=O)OC1CC2CCC(C1)[N+]21CCCC1)(C1=CC=CC=C1)C1=CC=CC=C1']"
8,Oxygen-nitrogen single bond,120,"['Carbidopa', 'Clonazepam', 'Dantrolene', 'Entacapone', 'Fluvoxamine', 'Nimodipine', 'Phenelzine', 'Tolcapone']",3.65%,"[OR0,NR0][OR0,NR0]","['O.C[C@@](CC1=CC(O)=C(O)C=C1)(NN)C(O)=O', '[O-][N+](=O)C1=CC2=C(NC(=O)CN=C2C2=CC=CC=C2Cl)C=C1', '[O-][N+](=O)C1=CC=C(C=C1)C1=CC=C(O1)C=NN1CC(=O)NC1=O', 'CCN(CC)C(=O)C(=C\\C1=CC(=C(O)C(O)=C1)[N+]([O-])=O)\\C#N', 'COCCCCC(=NOCCN)C1=CC=C(C=C1)C(F)(F)F', 'COCCOC(=O)C1=C(C)NC(C)=C(C1C1=CC(=CC=C1)[N+]([O-])=O)C(=O)OC(C)C', 'NNCCC1=CC=CC=C1', 'CC1=CC=C(C=C1)C(=O)C1=CC(=C(O)C(O)=C1)[N+]([O-])=O']"
6,Hetero_hetero,970,"['Almotriptan', 'Disulfiram', 'Naratriptan', 'Sumatriptan', 'Thiothixene', 'Topiramate']",2.74%,"*[N,S,O]-&!@[N,S,O][#6]","['CN(C)CCC1=CNC2=C1C=C(CS(=O)(=O)N1CCCC1)C=C2', 'CCN(CC)C(=S)SSC(=S)N(CC)CC', 'CNS(=O)(=O)CCC1=CC2=C(NC=C2C2CCN(C)CC2)C=C1', 'CNS(=O)(=O)CC1=CC2=C(NC=C2CCN(C)C)C=C1', 'CN(C)S(=O)(=O)C1=CC2=C(SC3=CC=CC=C3\\C2=C\\CCN2CCN(C)CC2)C=C1', '[H][C@@]12CO[C@@]3(COS(N)(=O)=O)OC(C)(C)O[C@@]3([H])[C@]1([H])OC(C)(C)O2']"
6,aniline,1087,"['Dalfampridine', 'Ezogabine', 'Lamotrigine', 'Mirabegron', 'Pramipexole', 'Riluzole']",2.74%,[NH2D1]-c(:*):*,"['NC1=CC=NC=C1', 'CCOC(=O)NC1=C(N)C=C(NCC2=CC=C(F)C=C2)C=C1', 'NC1=NC(N)=C(N=N1)C1=C(Cl)C(Cl)=CC=C1', 'NC1=NC(CC(=O)NC2=CC=C(CCNC[C@H](O)C3=CC=CC=C3)C=C2)=CS1', 'CCCN[C@H]1CCC2=C(C1)SC(N)=N2', 'NC1=NC2=C(S1)C=C(OC(F)(F)F)C=C2']"
6,Unbranched chain,951,"['Fingolimod', 'Fluvoxamine', 'Hydroxyzine', 'Misoprostol', 'Nabilone', 'Quetiapine']",2.74%,"[$([A&D2]),$([A&D1])]!@[A&D2]!@[A&D2]!@[A&D2]!@[A&D2]!@[$([A&D2]),$([A&D1])]","['CCCCCCCCC1=CC=C(CCC(N)(CO)CO)C=C1', 'COCCCCC(=NOCCN)C1=CC=C(C=C1)C(F)(F)F', 'OCCOCCN1CCN(CC1)C(C1=CC=CC=C1)C1=CC=C(Cl)C=C1', 'CCCCC(C)(O)C\\C=C\\[C@H]1[C@H](O)CC(=O)[C@@H]1CCCCCCC(=O)OC', '[H][C@@]12CC(=O)CC[C@@]1([H])C(C)(C)OC1=CC(=CC(O)=C21)C(C)(C)CCCCCC', 'OCCOCCN1CCN(CC1)C1=NC2=CC=CC=C2SC2=CC=CC=C12']"
5,S/PO3 groups,1132,"['Acamprosate', 'Fosaprepitant', 'Fosphenytoin', 'Magnesium Sulfate', 'Topiramate']",2.28%,"[P,S](~O)(~O)~O","['CC(=O)NCCCS(O)(=O)=O', 'C[C@@H](O[C@H]1OCCN(CC2=NC(=O)N(N2)P(O)(O)=O)[C@H]1C1=CC=C(F)C=C1)C1=CC(=CC(=C1)C(F)(F)F)C(F)(F)F', 'OP(O)(=O)OCN1C(=O)NC(C1=O)(C1=CC=CC=C1)C1=CC=CC=C1', '[Mg++].[O-]S([O-])(=O)=O', '[H][C@@]12CO[C@@]3(COS(N)(=O)=O)OC(C)(C)O[C@@]3([H])[C@]1([H])OC(C)(C)O2']"
5,catechol,73,"['Apomorphine', 'Carbidopa', 'Entacapone', 'Levodopa', 'Tolcapone']",2.28%,"c1c([OH])c([OH,NH2,NH])ccc1","['[H][C@]12CC3=C(C(O)=C(O)C=C3)C3=CC=CC(CCN1C)=C23', 'O.C[C@@](CC1=CC(O)=C(O)C=C1)(NN)C(O)=O', 'CCN(CC)C(=O)C(=C\\C1=CC(=C(O)C(O)=C1)[N+]([O-])=O)\\C#N', 'N[C@@H](CC1=CC(O)=C(O)C=C1)C(O)=O', 'CC1=CC=C(C=C1)C(=O)C1=CC(=C(O)C(O)=C1)[N+]([O-])=O']"
5,catechol_A(92),342,"['Apomorphine', 'Carbidopa', 'Entacapone', 'Levodopa', 'Tolcapone']",2.28%,c:1:c:c(:c(:c:c:1)-[#8;H1])-[#8;H1],"['[H][C@]12CC3=C(C(O)=C(O)C=C3)C3=CC=CC(CCN1C)=C23', 'O.C[C@@](CC1=CC(O)=C(O)C=C1)(NN)C(O)=O', 'CCN(CC)C(=O)C(=C\\C1=CC(=C(O)C(O)=C1)[N+]([O-])=O)\\C#N', 'N[C@@H](CC1=CC(O)=C(O)C=C1)C(O)=O', 'CC1=CC=C(C=C1)C(=O)C1=CC(=C(O)C(O)=C1)[N+]([O-])=O']"
5,beta-keto/anhydride,70,"['Butalbital', 'Clobazam', 'Clorazepate', 'Phenobarbital', 'Primidone']",2.28%,"[C,c](=O)[CX4,CR0X3,O][C,c](=O)","['CC(C)CC1(CC=C)C(=O)NC(=O)NC1=O', 'CN1C2=C(C=C(Cl)C=C2)N(C2=CC=CC=C2)C(=O)CC1=O', 'OC(=O)C1N=C(C2=CC=CC=C2)C2=C(NC1=O)C=CC(Cl)=C2', 'CCC1(C(=O)NC(=O)NC1=O)C1=CC=CC=C1', 'CCC1(C(=O)NCNC1=O)C1=CC=CC=C1']"
5,nitro group,116,"['Clonazepam', 'Dantrolene', 'Entacapone', 'Nimodipine', 'Tolcapone']",2.28%,[N+](=O)[O-],"['[O-][N+](=O)C1=CC2=C(NC(=O)CN=C2C2=CC=CC=C2Cl)C=C1', '[O-][N+](=O)C1=CC=C(C=C1)C1=CC=C(O1)C=NN1CC(=O)NC1=O', 'CCN(CC)C(=O)C(=C\\C1=CC(=C(O)C(O)=C1)[N+]([O-])=O)\\C#N', 'COCCOC(=O)C1=C(C)NC(C)=C(C1C1=CC(=CC=C1)[N+]([O-])=O)C(=O)OC(C)C', 'CC1=CC=C(C=C1)C(=O)C1=CC(=C(O)C(O)=C1)[N+]([O-])=O']"
5,Dye 16 (1),953,"['Clonazepam', 'Dantrolene', 'Entacapone', 'Nimodipine', 'Tolcapone']",2.28%,c([N+](=O)[O-]),"['[O-][N+](=O)C1=CC2=C(NC(=O)CN=C2C2=CC=CC=C2Cl)C=C1', '[O-][N+](=O)C1=CC=C(C=C1)C1=CC=C(O1)C=NN1CC(=O)NC1=O', 'CCN(CC)C(=O)C(=C\\C1=CC(=C(O)C(O)=C1)[N+]([O-])=O)\\C#N', 'COCCOC(=O)C1=C(C)NC(C)=C(C1C1=CC(=CC=C1)[N+]([O-])=O)C(=O)OC(C)C', 'CC1=CC=C(C=C1)C(=O)C1=CC(=C(O)C(O)=C1)[N+]([O-])=O']"
5,aromatic NO2,1083,"['Clonazepam', 'Dantrolene', 'Entacapone', 'Nimodipine', 'Tolcapone']",2.28%,O~N(=O)-c(:*):*,"['[O-][N+](=O)C1=CC2=C(NC(=O)CN=C2C2=CC=CC=C2Cl)C=C1', '[O-][N+](=O)C1=CC=C(C=C1)C1=CC=C(O1)C=NN1CC(=O)NC1=O', 'CCN(CC)C(=O)C(=C\\C1=CC(=C(O)C(O)=C1)[N+]([O-])=O)\\C#N', 'COCCOC(=O)C1=C(C)NC(C)=C(C1C1=CC(=CC=C1)[N+]([O-])=O)C(=O)OC(C)C', 'CC1=CC=C(C=C1)C(=O)C1=CC(=C(O)C(O)=C1)[N+]([O-])=O']"
4,quaternary nitrogen,131,"['Ambenonium', 'Choline', 'Neostigmine', 'Trospium']",1.83%,"[s,S,c,C,n,N,o,O]~[n+,N+](~[s,S,c,C,n,N,o,O])(~[s,S,c,C,n,N,o,O])~[s,S,c,C,n,N,o,O]","['CC[N+](CC)(CCNC(=O)C(=O)NCC[N+](CC)(CC)CC1=CC=CC=C1Cl)CC1=CC=CC=C1Cl', 'C[N+](C)(C)CCO', 'CN(C)C(=O)OC1=CC(=CC=C1)[N+](C)(C)C', 'OC(C(=O)OC1CC2CCC(C1)[N+]21CCCC1)(C1=CC=CC=C1)C1=CC=CC=C1']"
4,phthalimide,125,"['Buspirone', 'Ethosuximide', 'Lurasidone', 'Methsuximide']",1.83%,"[cR,CR]~C(=O)NC(=O)~[cR,CR]","['O=C1CC2(CCCC2)CC(=O)N1CCCCN1CCN(CC1)C1=NC=CC=N1', 'CCC1(C)CC(=O)NC1=O', 'O=C1[C@H]2[C@@H]3CC[C@@H](C3)[C@H]2C(=O)N1C[C@@H]1CCCC[C@H]1CN1CCN(CC1)C1=NSC2=CC=CC=C12', 'CN1C(=O)CC(C)(C1=O)C1=CC=CC=C1']"
4,Ethene,922,"['Butalbital', 'Naloxone', 'Quinidine', 'Vigabatrin']",1.83%,C=[CH2],"['CC(C)CC1(CC=C)C(=O)NC(=O)NC1=O', '[H][C@@]12OC3=C(O)C=CC4=C3[C@@]11CCN(CC=C)[C@]([H])(C4)[C@]1(O)CCC2=O', '[H][C@@]12CCN(C[C@@H]1C=C)[C@]([H])(C2)[C@@H](O)C1=C2C=C(OC)C=CC2=NC=C1', 'NC(CCC(O)=O)C=C']"
4,terminal vinyl,1109,"['Butalbital', 'Naloxone', 'Quinidine', 'Vigabatrin']",1.83%,[CH2D1]=[CD2]-!@*,"['CC(C)CC1(CC=C)C(=O)NC(=O)NC1=O', '[H][C@@]12OC3=C(O)C=CC4=C3[C@@]11CCN(CC=C)[C@]([H])(C4)[C@]1(O)CCC2=O', '[H][C@@]12CCN(C[C@@H]1C=C)[C@]([H])(C2)[C@@H](O)C1=C2C=C(OC)C=CC2=NC=C1', 'NC(CCC(O)=O)C=C']"
4,Filter82_pyridinium,1071,"['Caffeine', 'Paliperidone', 'Pyridostigmine', 'Risperidone']",1.83%,"[c,n]1[c,n][c,n][c,n][c,n]n(C)1","['CN1C=NC2=C1C(=O)N(C)C(=O)N2C', 'CC1=C(CCN2CCC(CC2)C2=NOC3=C2C=CC(F)=C3)C(=O)N2CCCC(O)C2=N1', 'CN(C)C(=O)OC1=C[N+](C)=CC=C1', 'CC1=C(CCN2CCC(CC2)C2=NOC3=C2C=CC(F)=C3)C(=O)N2CCCCC2=N1']"
4,stilbene,134,"['Carbamazepine', 'Cyclobenzaprine', 'Protriptyline', 'Sulindac']",1.83%,c1ccccc1C=Cc2ccccc2,"['NC(=O)N1C2=CC=CC=C2C=CC2=CC=CC=C12', 'CN(C)CCC=C1C2=CC=CC=C2C=CC2=CC=CC=C12', 'CNCCCC1C2=CC=CC=C2C=CC2=CC=CC=C12', 'CC1=C(CC(O)=O)C2=CC(F)=CC=C2\\C1=C/C1=CC=C(C=C1)S(C)=O']"
4,hydantoin,95,"['Dantrolene', 'Ethotoin', 'Fosphenytoin', 'Phenytoin']",1.83%,C1NC(=O)NC(=O)1,"['[O-][N+](=O)C1=CC=C(C=C1)C1=CC=C(O1)C=NN1CC(=O)NC1=O', 'CCN1C(=O)NC(C1=O)C1=CC=CC=C1', 'OP(O)(=O)OCN1C(=O)NC(C1=O)(C1=CC=CC=C1)C1=CC=CC=C1', 'O=C1NC(=O)C(N1)(C1=CC=CC=C1)C1=CC=CC=C1']"
4,Phenylester,869,"['Fesoterodine', 'Neostigmine', 'Rivastigmine', 'Salsalate']",1.83%,C(=O)!@Oc1ccccc1,"['CC(C)N(CC[C@H](C1=CC=CC=C1)C1=C(OC(=O)C(C)C)C=CC(CO)=C1)C(C)C', 'CN(C)C(=O)OC1=CC(=CC=C1)[N+](C)(C)C', 'CCN(C)C(=O)OC1=CC=CC(=C1)[C@H](C)N(C)C', 'OC(=O)C1=CC=CC=C1OC(=O)C1=CC=CC=C1O']"
4,aminothiazole,917,"['Meloxicam', 'Mirabegron', 'Pramipexole', 'Riluzole']",1.83%,s1ccnc1[N!H0],"['CN1C(C(=O)NC2=NC=C(C)S2)=C(O)C2=C(C=CC=C2)S1(=O)=O', 'NC1=NC(CC(=O)NC2=CC=C(CCNC[C@H](O)C3=CC=CC=C3)C=C2)=CS1', 'CCCN[C@H]1CCC2=C(C1)SC(N)=N2', 'NC1=NC2=C(S1)C=C(OC(F)(F)F)C=C2']"
3,imine,99,"['Dantrolene', 'Fluvoxamine', 'Guanfacine']",1.37%,C=[N!R],"['[O-][N+](=O)C1=CC=C(C=C1)C1=CC=C(O1)C=NN1CC(=O)NC1=O', 'COCCCCC(=NOCCN)C1=CC=C(C=C1)C(F)(F)F', 'NC(=N)NC(=O)CC1=C(Cl)C=CC=C1Cl']"
3,"aliphatic ester, not lactones",1118,"['Meperidine', 'Nimodipine', 'Oxybutynin']",1.37%,C[C!R](=O)[O!R][CH2D2],"['CCOC(=O)C1(CCN(C)CC1)C1=CC=CC=C1', 'COCCOC(=O)C1=C(C)NC(C)=C(C1C1=CC(=CC=C1)[N+]([O-])=O)C(=O)OC(C)C', 'CCN(CC)CC#CCOC(=O)C(O)(C1CCCCC1)C1=CC=CC=C1']"
3,triple bond,148,"['Oxybutynin', 'Rasagiline', 'Selegiline']",1.37%,C#C,"['CCN(CC)CC#CCOC(=O)C(O)(C1CCCCC1)C1=CC=CC=C1', 'C#CCN[C@@H]1CCC2=CC=CC=C12', 'CC(CC1=CC=CC=C1)N(C)CC#C']"
2,Sulfonic acid,137,"['Acamprosate', 'Magnesium Sulfate']",0.91%,"S(=O)(=O)[O-,OH]","['CC(=O)NCCCS(O)(=O)=O', '[Mg++].[O-]S([O-])(=O)=O']"
2,adamantyl,1133,"['Amantadine', 'Memantine']",0.91%,C12CC3CC(C1)CC(C2)C3,"['NC12CC3CC(CC(C3)C1)C2', 'CC12CC3CC(C)(C1)CC(N)(C3)C2']"
2,styrene_A(13),399,"['Amitriptyline', 'Nortriptyline']",0.91%,[#6]-2-[#6]-c:1:c(:c:c:c:c:1)-[#6](-c:3:c:c:c:c:c-2:3)=[#6]-[#6],"['CN(C)CCC=C1C2=CC=CC=C2CCC2=CC=CC=C12', 'CNCCC=C1C2=CC=CC=C2CCC2=CC=CC=C12']"
2,acetal,941,"['Aprepitant', 'Fosaprepitant']",0.91%,[#6]-O[CH1](-[#6])O-[#6],"['C[C@@H](O[C@H]1OCCN(CC2=NNC(=O)N2)[C@H]1C1=CC=C(F)C=C1)C1=CC(=CC(=C1)C(F)(F)F)C(F)(F)F', 'C[C@@H](O[C@H]1OCCN(CC2=NC(=O)N(N2)P(O)(O)=O)[C@H]1C1=CC=C(F)C=C1)C1=CC(=CC(=C1)C(F)(F)F)C(F)(F)F']"
2,high halogen content (>3),1138,"['Aprepitant', 'Fosaprepitant']",0.91%,"[F,Cl,Br,I].[F,Cl,Br,I].[F,Cl,Br,I].[F,Cl,Br,I]","['C[C@@H](O[C@H]1OCCN(CC2=NNC(=O)N2)[C@H]1C1=CC=C(F)C=C1)C1=CC(=CC(=C1)C(F)(F)F)C(F)(F)F', 'C[C@@H](O[C@H]1OCCN(CC2=NC(=O)N(N2)P(O)(O)=O)[C@H]1C1=CC=C(F)C=C1)C1=CC(=CC(=C1)C(F)(F)F)C(F)(F)F']"
2,Michael acceptor,106,"['Asenapine', 'Entacapone']",0.91%,"C=!@CC=[O,S]","['OC(=O)\\C=C/C(O)=O.CN1CC2C(C1)C1=C(OC3=CC=CC=C23)C=CC(Cl)=C1', 'CCN(CC)C(=O)C(=C\\C1=CC(=C(O)C(O)=C1)[N+]([O-])=O)\\C#N']"
2,vinyl michael acceptor1,972,"['Asenapine', 'Entacapone']",0.91%,"[#6]-[CH1]=C-C(=O)[#6,#7,#8]","['OC(=O)\\C=C/C(O)=O.CN1CC2C(C1)C1=C(OC3=CC=CC=C23)C=CC(Cl)=C1', 'CCN(CC)C(=O)C(=C\\C1=CC(=C(O)C(O)=C1)[N+]([O-])=O)\\C#N']"
2,too many COOH groups (>1),1135,"['Asenapine', 'Solifenacin']",0.91%,[CX3](=O)[OH1].[CX3](=O)[OH1],"['OC(=O)\\C=C/C(O)=O.CN1CC2C(C1)C1=C(OC3=CC=CC=C23)C=CC(Cl)=C1', 'OC(=O)CCC(O)=O.O=C(O[C@H]1CN2CCC1CC2)N1CCC2=CC=CC=C2[C@@H]1C1=CC=CC=C1']"
2,hydrazine,96,"['Carbidopa', 'Phenelzine']",0.91%,N[NH2],"['O.C[C@@](CC1=CC(O)=C(O)C=C1)(NN)C(O)=O', 'NNCCC1=CC=CC=C1']"
2,hydrazine,242,"['Carbidopa', 'Phenelzine']",0.91%,[N;X3;!$(N-S(=O)(=O));!$(N-C(F)(F)(F));!$(N-C#N);!$(N-C(=O));!$(N-C(=S));!$(N-C(=N))]-[N;X3;!$(N-S(=O)(=O));!$(N-C(F)(F)(F));!$(N-C#N);!$(N-C(=O));!$(N-C(=S));!$(N-C(=N))],"['O.C[C@@](CC1=CC(O)=C(O)C=C1)(NN)C(O)=O', 'NNCCC1=CC=CC=C1']"
2,Filter20_hydrazine,1014,"['Carbidopa', 'Phenelzine']",0.91%,[Nv3X3][Nv3X3!H0],"['O.C[C@@](CC1=CC(O)=C(O)C=C1)(NN)C(O)=O', 'NNCCC1=CC=CC=C1']"
2,"acyclic N-,=N and not N bound to carbonyl or sulfone",1094,"['Carbidopa', 'Phenelzine']",0.91%,"[N;!$(N-[C,S]=*)]-,=;!@[N;!$(N-[C,S]=*)]","['O.C[C@@](CC1=CC(O)=C(O)C=C1)(NN)C(O)=O', 'NNCCC1=CC=CC=C1']"
2,quaternary nitrogen,130,"['Chlordiazepoxide', 'Pyridostigmine']",0.91%,"[s,S,c,C,n,N,o,O]~[nX3+,NX3+](~[s,S,c,C,n,N])~[s,S,c,C,n,N]","['CNC1=NC2=C(C=C(Cl)C=C2)C(C2=CC=CC=C2)=N(=O)C1', 'CN(C)C(=O)OC1=C[N+](C)=CC=C1']"
2,acyclic NO not nitro,1123,"['Chlordiazepoxide', 'Fluvoxamine']",0.91%,O-!@[N;!$(N(=O)=O);!$([N+](=O)[O-])],"['CNC1=NC2=C(C=C(Cl)C=C2)C(C2=CC=CC=C2)=N(=O)C1', 'COCCCCC(=NOCCN)C1=CC=C(C=C1)C(F)(F)F']"
2,phenol ester,122,"['Fesoterodine', 'Salsalate']",0.91%,c1ccccc1OC(=O)[#6],"['CC(C)N(CC[C@H](C1=CC=CC=C1)C1=C(OC(=O)C(C)C)C=CC(CO)=C1)C(C)C', 'OC(=O)C1=CC=CC=C1OC(=O)C1=CC=CC=C1O']"
2,long chain hydrocarbon,949,"['Fingolimod', 'Misoprostol']",0.91%,[CD2;R0][CD2;R0][CD2;R0][CD2;R0][CD2;R0][CD2;R0],"['CCCCCCCCC1=CC=C(CCC(N)(CO)CO)C=C1', 'CCCCC(C)(O)C\\C=C\\[C@H]1[C@H](O)CC(=O)[C@@H]1CCCCCCC(=O)OC']"
2,"long aliphatic chain, 6+",1119,"['Fingolimod', 'Misoprostol']",0.91%,[CH2][CH2][CH2]-!@[CH2][CH2][CH2],"['CCCCCCCCC1=CC=C(CCC(N)(CO)CO)C=C1', 'CCCCC(C)(O)C\\C=C\\[C@H]1[C@H](O)CC(=O)[C@@H]1CCCCCCC(=O)OC']"
2,phosphor,124,"['Fosaprepitant', 'Fosphenytoin']",0.91%,P,"['C[C@@H](O[C@H]1OCCN(CC2=NC(=O)N(N2)P(O)(O)=O)[C@H]1C1=CC=C(F)C=C1)C1=CC(=CC(=C1)C(F)(F)F)C(F)(F)F', 'OP(O)(=O)OCN1C(=O)NC(C1=O)(C1=CC=CC=C1)C1=CC=CC=C1']"
2,Phosphoric acid,984,"['Fosaprepitant', 'Fosphenytoin']",0.91%,[OH]-P(=O)(-O)-*,"['C[C@@H](O[C@H]1OCCN(CC2=NC(=O)N(N2)P(O)(O)=O)[C@H]1C1=CC=C(F)C=C1)C1=CC(=CC(=C1)C(F)(F)F)C(F)(F)F', 'OP(O)(=O)OCN1C(=O)NC(C1=O)(C1=CC=CC=C1)C1=CC=CC=C1']"
2,alkyl esters of S or P,1092,"['Fosphenytoin', 'Topiramate']",0.91%,"[S,P](=O)OC","['OP(O)(=O)OCN1C(=O)NC(C1=O)(C1=CC=CC=C1)C1=CC=CC=C1', '[H][C@@]12CO[C@@]3(COS(N)(=O)=O)OC(C)(C)O[C@@]3([H])[C@]1([H])OC(C)(C)O2']"
2,aliphatic ketone not ring and not di-carbonyl,1117,"['Methadone', 'Nabumetone']",0.91%,[C;!$(C=*)][C!R](=O)[CH2D2],"['CCC(=O)C(CC(C)N(C)C)(C1=CC=CC=C1)C1=CC=CC=C1', 'COC1=CC2=C(C=C1)C=C(CCC(C)=O)C=C2']"
2,thionyl,1113,"['Modafinil', 'Sulindac']",0.91%,[Sv4](=O)(-!@[!#1])-!@[!#1],"['NC(=O)CS(=O)C(C1=CC=CC=C1)C1=CC=CC=C1', 'CC1=C(CC(O)=O)C2=CC(F)=CC=C2\\C1=C/C1=CC=C(C=C1)S(C)=O']"
2,triple_bond,909,"['Rasagiline', 'Selegiline']",0.91%,[#6]C#[CH],"['C#CCN[C@@H]1CCC2=CC=CC=C12', 'CC(CC1=CC=CC=C1)N(C)CC#C']"
1,sulphates,899,['Acamprosate'],0.46%,[#6]S(=O)(=O)O,['CC(=O)NCCCS(O)(=O)=O']
1,Sulfonic acid,934,['Acamprosate'],0.46%,[OH]-S(=O)(=O)-*,['CC(=O)NCCCS(O)(=O)=O']
1,hydroquinone,97,['Acetaminophen'],0.46%,"[OH]c1ccc([OH,NH2,NH])cc1",['CC(=O)NC1=CC=C(O)C=C1']
1,I11 Benzylic quaternary Nitrogen,41,['Ambenonium'],0.46%,cC[N+],['CC[N+](CC)(CCNC(=O)C(=O)NCC[N+](CC)(CC)CC1=CC=CC=C1Cl)CC1=CC=CC=C1Cl']
1,diketo group,89,['Ambenonium'],0.46%,"[C,c](=O)[C,c](=O)",['CC[N+](CC)(CCNC(=O)C(=O)NCC[N+](CC)(CC)CC1=CC=CC=C1Cl)CC1=CC=CC=C1Cl']
1,alpha_dicarbonyl,180,['Ambenonium'],0.46%,C(=O)!@C(=O),['CC[N+](CC)(CCNC(=O)C(=O)NCC[N+](CC)(CC)CC1=CC=CC=C1Cl)CC1=CC=CC=C1Cl']
1,gte_2_N_quats,223,['Ambenonium'],0.46%,"[N,n;H0;+;!$(N~O);!$(n~O)].[N,n;H0;+;!$(N~O);!$(n~O)]",['CC[N+](CC)(CCNC(=O)C(=O)NCC[N+](CC)(CC)CC1=CC=CC=C1Cl)CC1=CC=CC=C1Cl']
1,benzylic_quaternary_nitrogen,821,['Ambenonium'],0.46%,"cC[N+,NX4]",['CC[N+](CC)(CCNC(=O)C(=O)NCC[N+](CC)(CC)CC1=CC=CC=C1Cl)CC1=CC=CC=C1Cl']
1,Oxalyl,980,['Ambenonium'],0.46%,O=C-&!@C=O,['CC[N+](CC)(CCNC(=O)C(=O)NCC[N+](CC)(CC)CC1=CC=CC=C1Cl)CC1=CC=CC=C1Cl']
1,Filter41_12_dicarbonyl,1035,['Ambenonium'],0.46%,*C(=O)C(=O)*,['CC[N+](CC)(CCNC(=O)C(=O)NCC[N+](CC)(CC)CC1=CC=CC=C1Cl)CC1=CC=CC=C1Cl']
1,"1,2-dicarbonyl not in ring",1099,['Ambenonium'],0.46%,O=[CX3]-!@[CX3]=O,['CC[N+](CC)(CCNC(=O)C(=O)NCC[N+](CC)(CC)CC1=CC=CC=C1Cl)CC1=CC=CC=C1Cl']
1,alpha beta-unsaturated ketones; center of Michael reactivity,1116,['Asenapine'],0.46%,"[$(C#N),$(N(~O)~O),$(C=O),$(S(=O)=O),$(C(F)(F)F),Cl][C!H0]=[C!H0]",['OC(=O)\\C=C/C(O)=O.CN1CC2C(C1)C1=C(OC3=CC=CC=C23)C=CC(Cl)=C1']
1,Filter9_metal,1003,['Bromocriptine'],0.46%,"[!#1!#6!#7!#8!#9!#15!#16!#17]~[*,#1]",['[H][C@@]12CCCN1C(=O)[C@H](CC(C)C)N1C(=O)[C@](NC(=O)[C@H]3CN(C)[C@]4([H])CC5=C(Br)NC6=CC=CC(=C56)C4=C3)(O[C@@]21O)C(C)C']
1,aryl bromide,1129,['Bromocriptine'],0.46%,Br-c:*,['[H][C@@]12CCCN1C(=O)[C@H](CC(C)C)N1C(=O)[C@](NC(=O)[C@H]3CN(C)[C@]4([H])CC5=C(Br)NC6=CC=CC(=C56)C4=C3)(O[C@@]21O)C(C)C']
1,N5 Cycloheximide derivatives,51,['Buspirone'],0.46%,O=C1CCCC(N1)=O,['O=C1CC2(CCCC2)CC(=O)N1CCCCN1CCN(CC1)C1=NC=CC=N1']
1,N-Oxide_aliphatic,859,['Chlordiazepoxide'],0.46%,[N+!$(N=O)][O-X1],['CNC1=NC2=C(C=C(Cl)C=C2)C(C2=CC=CC=C2)=N(=O)C1']
1,Dye 29,955,['Clonazepam'],0.46%,"O=[N+](-[O-])-caac-[$(N(C)C),$([NH]C),$([NH2])]",['[O-][N+](=O)C1=CC2=C(NC(=O)CN=C2C2=CC=CC=C2Cl)C=C1']
1,I4 Disulphides,34,['Disulfiram'],0.46%,SS,['CCN(CC)C(=S)SSC(=S)N(CC)CC']
1,Thiocarbonyl group,143,['Disulfiram'],0.46%,"[C,c]=S",['CCN(CC)C(=S)SSC(=S)N(CC)CC']
1,disulfide_acyclic,217,['Disulfiram'],0.46%,[S;!R;X2]-[S;!R;X2],['CCN(CC)C(=S)SSC(=S)N(CC)CC']
1,disulfides,838,['Disulfiram'],0.46%,[SX2][SX2],['CCN(CC)C(=S)SSC(=S)N(CC)CC']
1,Dithiocarbamate,839,['Disulfiram'],0.46%,NC(=S)S,['CCN(CC)C(=S)SSC(=S)N(CC)CC']
1,reactive_carbonyls,881,['Disulfiram'],0.46%,"[C;!r](=[O,S])[S;!r]",['CCN(CC)C(=S)SSC(=S)N(CC)CC']
1,Thiocarbonyl_group,904,['Disulfiram'],0.46%,C=S,['CCN(CC)C(=S)SSC(=S)N(CC)CC']
1,Filter56_SS_bond,1047,['Disulfiram'],0.46%,S-S,['CCN(CC)C(=S)SSC(=S)N(CC)CC']
1,Filter81_Thiocarbamate,1070,['Disulfiram'],0.46%,"S!@C(=!@[O,S])!@[#7]",['CCN(CC)C(=S)SSC(=S)N(CC)CC']
1,conjugated nitrile group,77,['Entacapone'],0.46%,C=[C!r]C#N,['CCN(CC)C(=O)C(=C\\C1=CC(=C(O)C(O)=C1)[N+]([O-])=O)\\C#N']
1,trisub_bis_act_olefin,321,['Entacapone'],0.46%,"[CH;!R;!$(C-N)]=C([$(S(=O)(=O)),$(C(F)(F)(F)),$(C#N),$(N(=O)(=O)),$([N+](=O)[O-]),$(C(=O))])([$(S(=O)(=O)),$(C(F)(F)(F)),$(C#N),$(N(=O)(=O)),$([N+](=O)[O-]),$(C(=O))])",['CCN(CC)C(=O)C(=C\\C1=CC(=C(O)C(O)=C1)[N+]([O-])=O)\\C#N']
1,Michael acceptor 6,975,['Entacapone'],0.46%,"[#6,#7]-&!@[#6](=&!@[CH])-&!@C(=O)-&!@[C,N,O,S]",['CCN(CC)C(=O)C(=C\\C1=CC(=C(O)C(O)=C1)[N+]([O-])=O)\\C#N']
1,Filter85_keto_acrylonitrile,1074,['Entacapone'],0.46%,*C(=O)C(=!@[C!H0])C#N,['CCN(CC)C(=O)C(=C\\C1=CC(=C(O)C(O)=C1)[N+]([O-])=O)\\C#N']
1,aniline,64,['Ezogabine'],0.46%,c1cc([NH2])ccc1,['CCOC(=O)NC1=C(N)C=C(NCC2=CC=C(F)C=C2)C=C1']
1,analine,906,['Ezogabine'],0.46%,"c1ccccc1[NH2,NH3+]",['CCOC(=O)NC1=C(N)C=C(NCC2=CC=C(F)C=C2)C=C1']
1,I1 Aliphatic methylene chains 7 or more long,31,['Fingolimod'],0.46%,[CD2;R0][CD2;R0][CD2;R0][CD2;R0][CD2;R0][CD2;R0][CD2;R0],['CCCCCCCCC1=CC=C(CCC(N)(CO)CO)C=C1']
1,imines_(not_ring),854,['Fluvoxamine'],0.46%,"[#6][C;R0](=[N;R0,O0])[#6]",['COCCCCC(=NOCCN)C1=CC=C(C=C1)C(F)(F)F']
1,Oxime,901,['Fluvoxamine'],0.46%,"[#6]C(=!@N[$(OC),$([OH])])[#6]",['COCCCCC(=NOCCN)C1=CC=C(C=C1)C(F)(F)F']
1,Nitrosone_not_nitro,903,['Fluvoxamine'],0.46%,[$(N(~!@[#6])!@O);!$([N+]([O-])=O)],['COCCCCC(=NOCCN)C1=CC=C(C=C1)C(F)(F)F']
1,Filter89_hydroxylamine,1078,['Fluvoxamine'],0.46%,"[*!$(C=O)]!@N!@O[*,#1]",['COCCCCC(=NOCCN)C1=CC=C(C=C1)C(F)(F)F']
1,phosphorous_nitrogen_bond,278,['Fosaprepitant'],0.46%,"[#15]~[N,n]",['C[C@@H](O[C@H]1OCCN(CC2=NC(=O)N(N2)P(O)(O)=O)[C@H]1C1=CC=C(F)C=C1)C1=CC(=CC(=C1)C(F)(F)F)C(F)(F)F']
1,non_ring_CH2O_acetal,254,['Fosphenytoin'],0.46%,"[O,N,S;!$(S~O)]!@[CH2]!@[O,S,N;!$(S~O)]",['OP(O)(=O)OCN1C(=O)NC(C1=O)(C1=CC=CC=C1)C1=CC=CC=C1']
1,Phosphoric ester,985,['Fosphenytoin'],0.46%,COP(=O)(-*)O,['OP(O)(=O)OCN1C(=O)NC(C1=O)(C1=CC=CC=C1)C1=CC=CC=C1']
1,imine,100,['Guanfacine'],0.46%,"N=[CR0][N,n,O,S]",['NC(=N)NC(=O)CC1=C(Cl)C=CC=C1Cl']
1,enamine_like,905,['Guanfacine'],0.46%,C=[NH],['NC(=N)NC(=O)CC1=C(Cl)C=CC=C1Cl']
1,Dipeptide,981,['Lacosamide'],0.46%,*-C(=O)-&!@[NH]-C-&!@C(=O)-&!@[NH]-*,['COC[C@@H](NC(C)=O)C(=O)NCC1=CC=CC=C1']
1,amino acid,1136,['Levodopa'],0.46%,[NH2][CX4]C(=O)O,['N[C@@H](CC1=CC(O)=C(O)C=C1)C(O)=O']
1,N4 Cytochalasin derivatives,50,['Lurasidone'],0.46%,O=C1NCC2CCCCC21,['O=C1[C@H]2[C@@H]3CC[C@@H](C3)[C@H]2C(=O)N1C[C@@H]1CCCC[C@H]1CN1CCN(CC1)C1=NSC2=CC=CC=C12']
1,Filter78_bicyclic_Imide,1067,['Lurasidone'],0.46%,*~@C1C(=O)NC(=O)C(~@*)1,['O=C1[C@H]2[C@@H]3CC[C@@H](C3)[C@H]2C(=O)N1C[C@@H]1CCCC[C@H]1CN1CCN(CC1)C1=NSC2=CC=CC=C12']
1,sulphate,139,['Magnesium Sulfate'],0.46%,OS(=O)(=O)[O-],['[Mg++].[O-]S([O-])(=O)=O']
1,Filter58_polyphenol2,1049,['Paroxetine'],0.46%,Oc1c(O)cc(O)cc1,['FC1=CC=C(C=C1)[C@@H]1CCNC[C@H]1COC1=CC2=C(OCO2)C=C1']
1,Dye 25,952,['Sulindac'],0.46%,acC=&!@Cca,['CC1=C(CC(O)=O)C2=CC(F)=CC=C2\\C1=C/C1=CC=C(C=C1)S(C)=O']
1,Sulfonate_Ester,885,['Topiramate'],0.46%,O=[SX4](=O)OC,['[H][C@@]12CO[C@@]3(COS(N)(=O)=O)OC(C)(C)O[C@@]3([H])[C@]1([H])OC(C)(C)O2']
1,Filter26_alkyl_halide,1020,['Topiramate'],0.46%,"AA[CH2][F,Cl,Br,I,$(OS(=O)(=O)*)]",['[H][C@@]12CO[C@@]3(COS(N)(=O)=O)OC(C)(C)O[C@@]3([H])[C@]1([H])OC(C)(C)O2']
1,benzhydrol,935,['Trospium'],0.46%,[OH1]-C(-c1ccccc1)c2ccccc2,['OC(C(=O)OC1CC2CCC(C1)[N+]21CCCC1)(C1=CC=CC=C1)C1=CC=CC=C1']
